Month,Region,Department,RevenueTarget
2026-01,West,Retail,38800.0
2026-01,West,Commercial,62100.0
2026-01,West,Wealth,27200.0
2026-01,East,Retail,29900.0
2026-01,East,Commercial,47800.0
2026-01,East,Wealth,20900.0
2026-01,North,Retail,26900.0
2026-01,North,Commercial,43000.0
2026-01,North,Wealth,18800.0
2026-01,South,Retail,23900.0
2026-01,South,Commercial,38200.0
2026-01,South,Wealth,16700.0
2026-02,West,Retail,40000.0
2026-02,West,Commercial,63900.0
2026-02,West,Wealth,28000.0
2026-02,East,Retail,30700.0
2026-02,East,Commercial,49200.0
2026-02,East,Wealth,21500.0
2026-02,North,Retail,27700.0
2026-02,North,Commercial,44300.0
2026-02,North,Wealth,19400.0
2026-02,South,Retail,24600.0
2026-02,South,Commercial,39300.0
2026-02,South,Wealth,17200.0
2026-03,West,Retail,41100.0
2026-03,West,Commercial,65700.0
2026-03,West,Wealth,28800.0
2026-03,East,Retail,31600.0
2026-03,East,Commercial,50600.0
2026-03,East,Wealth,22100.0
2026-03,North,Retail,28400.0
2026-03,North,Commercial,45500.0
2026-03,North,Wealth,19900.0
2026-03,South,Retail,25300.0
2026-03,South,Commercial,40500.0
2026-03,South,Wealth,17700.0
2026-04,West,Retail,42200.0
2026-04,West,Commercial,67600.0
2026-04,West,Wealth,29600.0
2026-04,East,Retail,32500.0
2026-04,East,Commercial,52000.0
2026-04,East,Wealth,22700.0
2026-04,North,Retail,29200.0
2026-04,North,Commercial,46800.0
2026-04,North,Wealth,20500.0
2026-04,South,Retail,26000.0
2026-04,South,Commercial,41600.0
2026-04,South,Wealth,18200.0
2026-05,West,Retail,43400.0
2026-05,West,Commercial,69400.0
2026-05,West,Wealth,30300.0
2026-05,East,Retail,33400.0
2026-05,East,Commercial,53400.0
2026-05,East,Wealth,23300.0
2026-05,North,Retail,30000.0
2026-05,North,Commercial,48000.0
2026-05,North,Wealth,21000.0
2026-05,South,Retail,26700.0
2026-05,South,Commercial,42700.0
2026-05,South,Wealth,18700.0
2026-06,West,Retail,44500.0
2026-06,West,Commercial,71200.0
2026-06,West,Wealth,31100.0
2026-06,East,Retail,34200.0
2026-06,East,Commercial,54800.0
2026-06,East,Wealth,24000.0
2026-06,North,Retail,30800.0
2026-06,North,Commercial,49300.0
2026-06,North,Wealth,21600.0
2026-06,South,Retail,27400.0
2026-06,South,Commercial,43800.0
2026-06,South,Wealth,19200.0
